good_name,timestamp,price,score,decision
传承,2025-06-25 13:00:00,1499.0,0.4063305276247036,观望
传承,2025-06-25 20:00:00,1498.5,0.39430048058822453,观望
传承,2025-06-25 23:59:00,1498.5,0.4003235187947017,观望
传承,2025-06-26 13:00:00,1510.0,0.48294083556665757,观望
传承,2025-06-26 20:00:00,1530.0,0.5814841676822521,观望
传承,2025-06-26 23:59:00,1529.5,0.5838972255765664,观望
传承,2025-06-27 13:00:00,1518.0,0.5652348250706212,观望
传承,2025-06-27 20:00:00,1510.0,0.5443625967414623,观望
传承,2025-06-27 23:59:00,1510.0,0.5258225004690744,观望
传承,2025-06-28 13:00:00,1517.0,0.5103269098517339,观望
传承,2025-06-28 20:00:00,1505.0,0.49571288684852655,观望
传承,2025-06-28 23:59:00,1505.0,0.4849023477700204,观望
传承,2025-06-29 13:00:00,1497.0,0.47380245435422724,观望
传承,2025-06-29 20:00:00,1499.0,0.46566337307246924,观望
传承,2025-06-29 23:59:00,1499.0,0.45855908757870045,观望
传承,2025-06-30 13:00:00,1495.0,0.4514138678952536,观望
传承,2025-06-30 20:00:00,1494.0,0.44540283273428005,观望
传承,2025-06-30 23:59:00,1494.0,0.4404632320808235,观望
传承,2025-07-01 13:00:00,1500.0,0.43684806244378077,观望
传承,2025-07-01 20:00:00,1498.49,0.4331193233583566,观望
传承,2025-07-01 23:59:00,1498.49,0.430294354089041,观望
传承,2025-07-02 13:00:00,1507.4,0.4285705582093787,观望
传承,2025-07-02 20:00:00,1500.0,0.42560416319157557,观望
传承,2025-07-02 23:59:00,1500.0,0.42404034763314746,观望
传承,2025-07-03 13:00:00,1496.0,0.4221573795480109,观望
传承,2025-07-03 20:00:00,1474.5,0.41613007063596447,观望
传承,2025-07-03 23:59:00,1474.5,0.4124768931919084,观望
传承,2025-07-04 13:00:00,1497.9,0.4108608775448102,观望
传承,2025-07-04 20:00:00,1489.0,0.40651712948878904,观望
传承,2025-07-04 23:59:00,1489.0,0.4044788954658705,观望
传承,2025-07-05 13:00:00,1480.0,0.4018618161713806,观望
传承,2025-07-05 20:00:00,1476.45,0.39674297307228396,观望
传承,2025-07-05 23:59:00,1476.45,0.39138895804871066,观望
传承,2025-07-06 13:00:00,1476.95,0.3755837678497944,观望
传承,2025-07-06 20:00:00,1459.5,0.36311298780135604,观望
传承,2025-07-06 23:59:00,1459.5,0.3629831768095111,观望
传承,2025-07-07 13:00:00,1440.0,0.36253973098560355,观望
传承,2025-07-07 20:00:00,1454.0,0.3642190273716682,观望
传承,2025-07-07 23:59:00,1454.0,0.36007494484638414,观望
传承,2025-07-08 13:00:00,1449.9,0.35425522313669067,观望
传承,2025-07-08 20:00:00,1448.8,0.35789856984620916,观望
传承,2025-07-08 23:59:00,1445.0,0.3560346560231962,观望
传承,2025-07-09 13:00:00,1437.5,0.3601332973373751,观望
传承,2025-07-09 20:00:00,1419.99,0.35401367483761326,观望
传承,2025-07-09 23:59:00,1419.0,0.3504266094786066,观望
传承,2025-07-10 13:00:00,1410.0,0.3470298327716043,观望
传承,2025-07-10 20:00:00,1417.0,0.343115869838012,观望
传承,2025-07-10 23:59:00,1430.0,0.3392993479596895,观望
传承,2025-07-11 13:00:00,1475.0,0.3350153443682157,观望
传承,2025-07-11 20:00:00,1453.0,0.33033570347052904,观望
传承,2025-07-11 23:59:00,1453.0,0.3296636902951708,观望
传承,2025-07-12 13:00:00,1460.0,0.32686996185835926,观望
传承,2025-07-12 20:00:00,1457.49,0.3303030956111543,观望
传承,2025-07-12 23:59:00,1456.49,0.3325930973680039,观望
传承,2025-07-13 13:00:00,1455.0,0.3370477484932624,观望
传承,2025-07-13 20:00:00,1438.5,0.34523058180304367,观望
传承,2025-07-13 23:59:00,1438.5,0.3438223976976663,观望
传承,2025-07-14 13:00:00,1450.0,0.3335459874362414,观望
传承,2025-07-14 20:00:00,1448.0,0.33976724314896606,观望
传承,2025-07-14 23:59:00,1447.0,0.3433937264003429,观望
传承,2025-07-15 13:00:00,1450.0,0.35026253313992595,观望
传承,2025-07-15 20:00:00,1425.0,0.3537281365931469,观望
传承,2025-07-15 23:59:00,1425.0,0.3597048898770047,观望
传承,2025-07-16 13:00:00,1453.5,0.36755414153305904,观望
传承,2025-07-16 20:00:00,1412.48,0.38787028364407233,观望
传承,2025-07-16 23:59:00,1412.48,0.3934460358406072,观望
传承,2025-07-17 13:00:00,1407.5,0.4054449052089202,观望
传承,2025-07-17 20:00:00,1399.0,0.39662083906211526,观望
传承,2025-07-17 23:59:00,1393.0,0.39776402595066124,观望
传承,2025-07-18 13:00:00,1400.0,0.40395312364235975,观望
传承,2025-07-18 20:00:00,1420.0,0.407334123345961,观望
传承,2025-07-18 23:59:00,1420.0,0.4107130934949047,观望
传承,2025-07-19 13:00:00,1438.0,0.41804281729539516,观望
传承,2025-07-19 20:00:00,1399.0,0.4227356278249917,观望
传承,2025-07-19 23:59:00,1399.0,0.41849516564424044,观望
传承,2025-07-20 13:00:00,1401.0,0.413750333624581,观望
传承,2025-07-20 20:00:00,1367.0,0.3910852123779682,观望
传承,2025-07-20 23:59:00,1367.0,0.3647019564328043,观望
传承,2025-07-21 13:00:00,1340.0,0.3224113901025262,观望
传承,2025-07-21 20:00:00,1300.0,0.3178523285873989,买入
传承,2025-07-21 23:59:00,1300.0,0.3084019443843032,观望
传承,2025-07-22 13:00:00,1290.0,0.29444539720139,观望
传承,2025-07-22 20:00:00,1300.0,0.2885593799655475,观望
传承,2025-07-22 23:59:00,1300.0,0.2819671759661381,观望
传承,2025-07-23 13:00:00,1378.0,0.28452694133201456,观望
传承,2025-07-23 20:00:00,1339.99,0.2814643899739188,观望
传承,2025-07-23 23:59:00,1339.99,0.27670096696701174,观望
传承,2025-07-24 13:00:00,1345.0,0.26734630540137516,观望
传承,2025-07-24 20:00:00,1344.0,0.26733216189707865,观望
传承,2025-07-24 23:59:00,1344.0,0.2681433767801339,观望
传承,2025-07-25 13:00:00,1395.0,0.27418811176289964,观望
传承,2025-07-25 20:00:00,1380.0,0.2822004999657762,观望
传承,2025-07-25 23:59:00,1380.0,0.2811335130962842,观望
传承,2025-07-26 13:00:00,1389.5,0.27504875831432485,观望
传承,2025-07-26 20:00:00,1388.0,0.307383803458162,观望
传承,2025-07-26 23:59:00,1388.0,0.3095770829489077,观望
传承,2025-07-27 13:00:00,1389.5,0.3153991475389564,观望
传承,2025-07-27 20:00:00,1387.0,0.32112321744982686,观望
传承,2025-07-27 23:59:00,1387.0,0.3231958687367781,观望
传承,2025-07-28 13:00:00,1380.0,0.3171461855623659,观望
传承,2025-07-28 20:00:00,1369.0,0.31052931372478715,观望
传承,2025-07-28 23:59:00,1369.0,0.319506267476791,观望
传承,2025-07-29 13:00:00,1368.4,0.32113751611972274,观望
传承,2025-07-29 20:00:00,1369.5,0.3433683432805451,观望
传承,2025-07-29 23:59:00,1369.5,0.35461707636472867,观望
传承,2025-07-30 13:00:00,1378.0,0.3665517260700989,观望
传承,2025-07-30 20:00:00,1380.0,0.41067367839323426,观望
传承,2025-07-30 23:59:00,1380.0,0.41918814022317,观望
传承,2025-07-31 13:00:00,1379.48,0.4478195977808798,观望
传承,2025-07-31 20:00:00,1380.0,0.4758077802705376,观望
传承,2025-07-31 23:59:00,1380.0,0.4680096200527989,观望
传承,2025-08-01 13:00:00,1440.0,0.474294682523853,观望
传承,2025-08-01 20:00:00,1432.0,0.46371123145548165,观望
传承,2025-08-01 23:59:00,1432.0,0.46356014118858346,观望
传承,2025-08-02 13:00:00,1422.0,0.4437436847695385,观望
传承,2025-08-02 20:00:00,1410.0,0.4738660342927023,观望
传承,2025-08-02 23:59:00,1410.0,0.4732059080099095,观望
传承,2025-08-03 13:00:00,1415.0,0.4703101989981058,观望
传承,2025-08-03 20:00:00,1408.5,0.4671723945605767,观望
传承,2025-08-03 23:59:00,1408.5,0.46707341893919596,观望
传承,2025-08-04 13:00:00,1390.0,0.4430333212135066,观望
传承,2025-08-04 20:00:00,1392.4,0.457435155975379,观望
传承,2025-08-04 23:59:00,1392.4,0.4587958013289052,观望
传承,2025-08-05 13:00:00,1388.0,0.453544993513877,观望
传承,2025-08-05 20:00:00,1383.5,0.4567019622483674,观望
传承,2025-08-05 23:59:00,1381.5,0.45894660305418317,观望
传承,2025-08-06 13:00:00,1359.5,0.4574661649809716,观望
传承,2025-08-06 20:00:00,1356.5,0.4612897141013883,观望
传承,2025-08-06 23:59:00,1356.5,0.4612397706716046,观望
传承,2025-08-07 13:00:00,1357.0,0.46864304045053706,观望
传承,2025-08-07 20:00:00,1340.0,0.4697367829270279,观望
传承,2025-08-07 23:59:00,1340.0,0.4629308135061888,观望
传承,2025-08-08 13:00:00,1340.0,0.45520308730811165,观望
传承,2025-08-08 20:00:00,1347.0,0.44646272030294193,观望
传承,2025-08-08 23:59:00,1347.0,0.4374869852385782,观望
传承,2025-08-09 13:00:00,1344.0,0.419443199004204,观望
传承,2025-08-09 20:00:00,1369.0,0.41150440126086674,观望
传承,2025-08-09 23:59:00,1369.0,0.4020879120289322,观望
传承,2025-08-10 13:00:00,1368.0,0.3933561382903018,观望
传承,2025-08-10 20:00:00,1370.0,0.3839073985229138,观望
传承,2025-08-10 23:59:00,1370.0,0.3746425421102296,观望
传承,2025-08-11 13:00:00,1370.0,0.3222556118782791,观望
传承,2025-08-11 20:00:00,1350.0,0.32678259453082037,观望
传承,2025-08-11 23:59:00,1350.0,0.3309430174465268,观望
传承,2025-08-12 13:00:00,1344.5,0.33667943632360525,观望
传承,2025-08-12 20:00:00,1329.5,0.34154181178318266,观望
传承,2025-08-12 23:59:00,1344.0,0.34538881638585944,观望
传承,2025-08-13 13:00:00,1350.0,0.34645120418287034,观望
传承,2025-08-13 20:00:00,1353.0,0.35239699665804525,观望
传承,2025-08-13 23:59:00,1353.0,0.3547123863697953,观望
传承,2025-08-14 13:00:00,1349.0,0.362562835005307,观望
传承,2025-08-14 20:00:00,1348.0,0.36501523967635724,观望
传承,2025-08-14 23:59:00,1348.0,0.36874808020110666,观望
传承,2025-08-15 13:00:00,1340.0,0.3729474082285179,观望
传承,2025-08-15 20:00:00,1349.75,0.37936384617832164,观望
传承,2025-08-15 23:59:00,1349.75,0.3823761716703228,观望
传承,2025-08-16 13:00:00,1360.0,0.40073904069336397,观望
传承,2025-08-16 20:00:00,1380.0,0.4076579888342014,观望
传承,2025-08-16 23:59:00,1380.0,0.4092620425677912,观望
传承,2025-08-17 13:00:00,1380.0,0.41153404832687973,观望
传承,2025-08-17 20:00:00,1383.0,0.4248859327925119,观望
传承,2025-08-17 23:59:00,1383.0,0.42327486650426993,观望
传承,2025-08-18 13:00:00,1377.0,0.42090962528930875,观望
传承,2025-08-18 20:00:00,1374.9,0.41353013643939845,观望
传承,2025-08-18 23:59:00,1374.9,0.4127992604792512,观望
传承,2025-08-19 13:00:00,1387.99,0.4141660337288219,观望
传承,2025-08-19 20:00:00,1399.5,0.3962932617040553,观望
传承,2025-08-19 23:59:00,1400.0,0.4021165204968943,观望
传承,2025-08-20 13:00:00,1412.0,0.4113301241859473,观望
传承,2025-08-20 20:00:00,1411.5,0.4177281274710809,观望
传承,2025-08-20 23:59:00,1411.5,0.42592252436843653,观望
传承,2025-08-21 13:00:00,1429.0,0.4375154468402676,观望
传承,2025-08-21 20:00:00,1400.0,0.46666773297399455,观望
传承,2025-08-21 23:59:00,1400.0,0.47257188987235466,观望
传承,2025-08-22 13:00:00,1400.0,0.48089460060631994,观望
传承,2025-08-22 20:00:00,1389.0,0.4876668403061641,观望
传承,2025-08-22 23:59:00,1389.0,0.48206173358537285,观望
传承,2025-08-23 13:00:00,1389.5,0.4787006522959741,观望
传承,2025-08-23 20:00:00,1380.0,0.4782031384611445,观望
传承,2025-08-23 23:59:00,1380.0,0.47994150363588595,观望
传承,2025-08-24 13:00:00,1398.0,0.4850976995948314,观望
传承,2025-08-24 20:00:00,1398.87,0.4841217509496143,观望
传承,2025-08-24 23:59:00,1398.87,0.48228983904947226,观望
传承,2025-08-25 13:00:00,1399.99,0.48245938033125085,观望
传承,2025-08-25 20:00:00,1398.5,0.47525263355631897,观望
传承,2025-08-25 23:59:00,1398.5,0.47182320213032414,观望
传承,2025-08-26 13:00:00,1399.0,0.46680523154008646,观望
传承,2025-08-26 20:00:00,1394.5,0.45589185310138713,观望
传承,2025-08-26 23:59:00,1394.5,0.4540845597479806,观望
传承,2025-08-27 13:00:00,1426.0,0.4544907784257112,观望
传承,2025-08-27 20:00:00,1450.0,0.45491179449461383,观望
传承,2025-08-27 23:59:00,1450.0,0.4545855920102041,观望
传承,2025-08-28 13:00:00,1462.0,0.459731383162856,观望
传承,2025-08-28 20:00:00,1452.0,0.4583359618712176,观望
传承,2025-08-28 23:59:00,1452.0,0.4572753966419921,观望
传承,2025-08-29 13:00:00,1447.99,0.44415242326492455,观望
传承,2025-08-29 20:00:00,1428.0,0.4297941001790426,观望
传承,2025-08-29 23:59:00,1428.0,0.43035095480046054,观望
传承,2025-08-30 13:00:00,1433.5,0.42478364089512366,观望
传承,2025-08-30 20:00:00,1432.0,0.4275091964698302,观望
传承,2025-08-30 23:59:00,1432.0,0.43014152678391626,观望
传承,2025-08-31 13:00:00,1433.0,0.43008397359265094,观望
传承,2025-08-31 20:00:00,1430.0,0.4706348121810248,观望
传承,2025-08-31 23:59:00,1430.0,0.47417491504254294,观望
传承,2025-09-01 13:00:00,1429.0,0.47711966102651937,观望
传承,2025-09-01 20:00:00,1409.3,0.4851838542869613,观望
传承,2025-09-01 23:59:00,1409.3,0.48521483772768337,观望
传承,2025-09-02 13:00:00,1422.0,0.48501222417490186,观望
传承,2025-09-02 20:00:00,1416.5,0.4850428395428095,观望
传承,2025-09-02 23:59:00,1416.5,0.4822428394833457,观望
传承,2025-09-03 13:00:00,1425.0,0.4721486449483508,观望
传承,2025-09-03 20:00:00,1418.5,0.46718818649885197,观望
传承,2025-09-03 23:59:00,1424.0,0.46394909719838273,观望
传承,2025-09-04 13:00:00,1450.0,0.46137498271462224,观望
传承,2025-09-04 20:00:00,1497.0,0.4657090084607648,观望
传承,2025-09-04 23:59:00,1498.5,0.46354931108762015,观望
传承,2025-09-05 13:00:00,1493.5,0.4613354350863966,观望
传承,2025-09-05 20:00:00,1450.0,0.4565603862862121,观望
传承,2025-09-05 23:59:00,1450.0,0.4554410094450434,观望
传承,2025-09-06 13:00:00,1484.99,0.43125308185614486,观望
传承,2025-09-06 20:00:00,1465.45,0.408482615184996,观望
传承,2025-09-06 23:59:00,1465.45,0.41266306078071907,观望
传承,2025-09-07 13:00:00,1495.0,0.4164396296161836,观望
传承,2025-09-07 20:00:00,1489.0,0.4320879982453085,观望
传承,2025-09-07 23:59:00,1499.0,0.43927207259809903,观望
传承,2025-09-08 13:00:00,1688.0,0.4932954936575287,观望
传承,2025-09-08 20:00:00,1655.5,0.5339555079919077,观望
传承,2025-09-08 23:59:00,1655.5,0.5603805106504949,观望
传承,2025-09-09 13:00:00,1683.5,0.5830684069929101,观望
传承,2025-09-09 20:00:00,1966.0,0.6692071564896909,买入
传承,2025-09-09 23:59:00,1966.0,0.718553633076026,观望
传承,2025-09-10 13:00:00,1900.0,0.7656732639453997,观望
传承,2025-09-10 20:00:00,1888.0,0.8173328742751927,观望
传承,2025-09-10 23:59:00,1888.0,0.8598947245469452,观望
传承,2025-09-11 13:00:00,1930.0,0.9014658872473329,观望
传承,2025-09-11 20:00:00,1830.0,0.9327809272754097,观望
传承,2025-09-11 23:59:00,1949.0,0.9674757317611894,观望
传承,2025-09-12 13:00:00,1979.5,0.9830980923507566,观望
传承,2025-09-12 20:00:00,1828.5,0.9875465195412207,观望
传承,2025-09-12 23:59:00,1828.5,1.0,观望
传承,2025-09-13 13:00:00,1698.5,0.9913970931168918,观望
传承,2025-09-13 20:00:00,1656.0,0.9930544376783835,观望
传承,2025-09-13 23:59:00,1656.0,0.989833997971754,观望
传承,2025-09-14 13:00:00,1689.5,0.9761881812706993,观望
传承,2025-09-14 20:00:00,1640.0,0.9391432504829437,观望
传承,2025-09-14 23:59:00,1640.0,0.9344460556831073,观望
传承,2025-09-15 13:00:00,1696.5,0.9333356142924392,观望
传承,2025-09-15 20:00:00,1500.0,0.9166241209625371,观望
传承,2025-09-15 23:59:00,1500.0,0.8933739006820377,观望
传承,2025-09-16 13:00:00,1577.0,0.8586007182208022,观望
传承,2025-09-16 20:00:00,1666.0,0.835944087936575,买入
传承,2025-09-16 23:59:00,1666.0,0.7933149243799045,观望
传承,2025-09-17 13:00:00,1649.4,0.7393511640926826,观望
传承,2025-09-17 20:00:00,1638.95,0.693455179873222,观望
传承,2025-09-17 23:59:00,1638.95,0.6378481882876053,观望
传承,2025-09-18 13:00:00,1510.0,0.4135692115231809,观望
传承,2025-09-18 20:00:00,1579.0,0.39613816999897306,观望
传承,2025-09-18 23:59:00,1579.0,0.3468259659273866,观望
传承,2025-09-19 13:00:00,1574.5,0.2659503467780618,观望
传承,2025-09-19 20:00:00,1590.0,0.0,观望
传承,2025-09-19 23:59:00,1590.0,0.020052478679413344,观望
传承,2025-09-20 13:00:00,1612.0,0.08330277072222353,观望
传承,2025-09-20 20:00:00,1595.0,0.09622666810065261,观望
传承,2025-09-20 23:59:00,1595.0,0.1079626939128126,观望
传承,2025-09-21 13:00:00,1619.0,0.11793747288307307,观望
传承,2025-09-21 20:00:00,1648.9,0.16378615181298195,观望
传承,2025-09-21 23:59:00,1648.9,0.1327037350635032,观望
传承,2025-09-22 13:00:00,1635.0,0.1447734507983507,观望
传承,2025-09-22 20:00:00,1613.0,0.21812158023841843,观望
传承,2025-09-22 23:59:00,1613.0,0.2330307563503793,观望
传承,2025-09-23 13:00:00,1620.0,0.28941788773545746,观望
皇后,2025-06-25 13:00:00,1749.9,0.40948575296978934,观望
皇后,2025-06-25 20:00:00,1749.9,0.4094857529697876,观望
皇后,2025-06-25 23:59:00,1749.9,0.40948575296978906,观望
皇后,2025-06-26 13:00:00,1799.0,0.5472295853345189,观望
皇后,2025-06-26 20:00:00,1800.0,0.5485885502563739,观望
皇后,2025-06-26 23:59:00,1800.0,0.5293508687714614,观望
皇后,2025-06-27 13:00:00,1769.5,0.5089282338952297,观望
皇后,2025-06-27 20:00:00,1688.0,0.44383195378546614,观望
皇后,2025-06-27 23:59:00,1688.0,0.41235728925584464,观望
皇后,2025-06-28 13:00:00,1699.5,0.3960583345959792,观望
皇后,2025-06-28 20:00:00,1699.39,0.3874913410819979,观望
皇后,2025-06-28 23:59:00,1699.39,0.38347770103997364,观望
皇后,2025-06-29 13:00:00,1698.0,0.38187670350422387,观望
皇后,2025-06-29 20:00:00,1689.0,0.38145616565618345,观望
皇后,2025-06-29 23:59:00,1689.0,0.38212999076325416,观望
皇后,2025-06-30 13:00:00,1696.47,0.3833238666449783,观望
皇后,2025-06-30 20:00:00,1689.99,0.38426050802172673,观望
皇后,2025-06-30 23:59:00,1689.99,0.3856124651528266,观望
皇后,2025-07-01 13:00:00,1670.0,0.38402245031781534,观望
皇后,2025-07-01 20:00:00,1668.97,0.38347957560627793,观望
皇后,2025-07-01 23:59:00,1668.97,0.38327296947072975,观望
皇后,2025-07-02 13:00:00,1669.0,0.38342088578265165,观望
皇后,2025-07-02 20:00:00,1650.0,0.38169439155679646,观望
皇后,2025-07-02 23:59:00,1650.0,0.38101473247456,观望
皇后,2025-07-03 13:00:00,1640.0,0.379616947596368,观望
皇后,2025-07-03 20:00:00,1599.5,0.37530879787960153,观望
皇后,2025-07-03 23:59:00,1599.5,0.3728887361095466,观望
皇后,2025-07-04 13:00:00,1596.0,0.3705755889650098,观望
皇后,2025-07-04 20:00:00,1580.0,0.36784258246382806,观望
皇后,2025-07-04 23:59:00,1580.0,0.36619212721277417,观望
皇后,2025-07-05 13:00:00,1590.0,0.3652441152217131,观望
皇后,2025-07-05 20:00:00,1589.5,0.3616718143304936,观望
皇后,2025-07-05 23:59:00,1589.5,0.3586846761057654,观望
皇后,2025-07-06 13:00:00,1589.0,0.34754356102607936,观望
皇后,2025-07-06 20:00:00,1565.0,0.3493097181365704,观望
皇后,2025-07-06 23:59:00,1565.0,0.35116981119796553,观望
皇后,2025-07-07 13:00:00,1568.0,0.35321238175162056,观望
皇后,2025-07-07 20:00:00,1555.0,0.3607990851382533,观望
皇后,2025-07-07 23:59:00,1555.0,0.35894353950972113,观望
皇后,2025-07-08 13:00:00,1549.0,0.3545651628257268,观望
皇后,2025-07-08 20:00:00,1535.0,0.3534661851832353,买入
皇后,2025-07-08 23:59:00,1535.0,0.3531544132924404,观望
皇后,2025-07-09 13:00:00,1498.0,0.35083971524101093,观望
皇后,2025-07-09 20:00:00,1499.0,0.3510208846294071,观望
皇后,2025-07-09 23:59:00,1499.0,0.3496359096550714,观望
皇后,2025-07-10 13:00:00,1541.99,0.3493962047985422,观望
皇后,2025-07-10 20:00:00,1630.0,0.352773916384816,观望
皇后,2025-07-10 23:59:00,1630.0,0.3518065471984969,观望
皇后,2025-07-11 13:00:00,1635.0,0.3549471511958252,观望
皇后,2025-07-11 20:00:00,1635.0,0.3563991493309421,观望
皇后,2025-07-11 23:59:00,1635.0,0.35842801222795384,观望
皇后,2025-07-12 13:00:00,1609.5,0.3592671870963064,观望
皇后,2025-07-12 20:00:00,1600.0,0.36364433288636494,观望
皇后,2025-07-12 23:59:00,1600.0,0.36600594055128016,观望
皇后,2025-07-13 13:00:00,1620.0,0.3702689186018343,观望
皇后,2025-07-13 20:00:00,1625.0,0.38749754525077906,观望
皇后,2025-07-13 23:59:00,1625.0,0.3896011149965652,观望
皇后,2025-07-14 13:00:00,1596.28,0.3926384755355519,观望
皇后,2025-07-14 20:00:00,1570.0,0.39836243039904773,观望
皇后,2025-07-14 23:59:00,1570.0,0.39993735993797913,观望
皇后,2025-07-15 13:00:00,1561.86,0.39913937881866124,观望
皇后,2025-07-15 20:00:00,1560.3,0.40193701321463676,观望
皇后,2025-07-15 23:59:00,1560.3,0.4046242381557984,观望
皇后,2025-07-16 13:00:00,1576.0,0.4081609351907384,观望
皇后,2025-07-16 20:00:00,1545.5,0.41929381498190843,买入
皇后,2025-07-16 23:59:00,1545.5,0.4208923950778748,观望
皇后,2025-07-17 13:00:00,1474.0,0.4188702899093336,观望
皇后,2025-07-17 20:00:00,1390.0,0.4190824682112537,观望
皇后,2025-07-17 23:59:00,1390.0,0.4150398300475261,观望
皇后,2025-07-18 13:00:00,1514.0,0.4162731080083657,观望
皇后,2025-07-18 20:00:00,1512.0,0.4131930341096118,观望
皇后,2025-07-18 23:59:00,1512.0,0.4070807934995844,观望
皇后,2025-07-19 13:00:00,1501.43,0.4064748119825543,观望
皇后,2025-07-19 20:00:00,1478.0,0.3956874017332792,观望
皇后,2025-07-19 23:59:00,1478.0,0.3860860250282543,观望
皇后,2025-07-20 13:00:00,1439.0,0.35796615571367774,观望
皇后,2025-07-20 20:00:00,1393.99,0.3160660807721051,观望
皇后,2025-07-20 23:59:00,1393.99,0.31536239818834216,观望
皇后,2025-07-21 13:00:00,1288.0,0.3069695679792669,观望
皇后,2025-07-21 20:00:00,1268.9,0.30271355970330155,观望
皇后,2025-07-21 23:59:00,1268.9,0.2984055560470315,观望
皇后,2025-07-22 13:00:00,1260.0,0.29833784192151086,观望
皇后,2025-07-22 20:00:00,1360.0,0.2991617135144135,观望
皇后,2025-07-22 23:59:00,1360.0,0.29386352440748953,观望
皇后,2025-07-23 13:00:00,1395.49,0.28934090748761826,观望
皇后,2025-07-23 20:00:00,1390.0,0.2888134964876207,买入
皇后,2025-07-23 23:59:00,1390.0,0.28985511245759443,观望
皇后,2025-07-24 13:00:00,1379.9,0.29391172376457986,观望
皇后,2025-07-24 20:00:00,1389.5,0.30056792414732375,观望
皇后,2025-07-24 23:59:00,1389.5,0.3034661033884729,观望
皇后,2025-07-25 13:00:00,1389.5,0.3089055879411627,观望
皇后,2025-07-25 20:00:00,1400.0,0.3138624284559685,观望
皇后,2025-07-25 23:59:00,1400.0,0.3190385851070895,观望
皇后,2025-07-26 13:00:00,1432.69,0.3239828815440466,观望
皇后,2025-07-26 20:00:00,1432.7,0.33451948369709666,观望
皇后,2025-07-26 23:59:00,1432.7,0.341372121848623,观望
皇后,2025-07-27 13:00:00,1448.0,0.35963114605135044,观望
皇后,2025-07-27 20:00:00,1448.0,0.373067125137409,观望
皇后,2025-07-27 23:59:00,1448.0,0.36883975160910876,观望
皇后,2025-07-28 13:00:00,1491.0,0.33300302200991705,观望
皇后,2025-07-28 20:00:00,1488.0,0.3404388481059791,观望
皇后,2025-07-28 23:59:00,1488.0,0.34869048058154406,观望
皇后,2025-07-29 13:00:00,1499.5,0.3593191542705322,观望
皇后,2025-07-29 20:00:00,1620.0,0.38431585026837567,观望
皇后,2025-07-29 23:59:00,1620.0,0.399585393143196,观望
皇后,2025-07-30 13:00:00,1621.5,0.4297039158332429,观望
皇后,2025-07-30 20:00:00,1598.49,0.4647142242241477,观望
皇后,2025-07-30 23:59:00,1598.49,0.47856709046760965,观望
皇后,2025-07-31 13:00:00,1587.88,0.5154944883593517,观望
皇后,2025-07-31 20:00:00,1568.0,0.5200039246207927,观望
皇后,2025-07-31 23:59:00,1568.0,0.5190865061108987,观望
皇后,2025-08-01 13:00:00,1577.8,0.5230865870341076,观望
皇后,2025-08-01 20:00:00,1577.28,0.5126032192733958,观望
皇后,2025-08-01 23:59:00,1577.28,0.5136027838776513,观望
皇后,2025-08-02 13:00:00,1577.19,0.5094946177729557,观望
皇后,2025-08-02 20:00:00,1540.0,0.5106205549366434,买入
皇后,2025-08-02 23:59:00,1540.0,0.5105823313788922,观望
皇后,2025-08-03 13:00:00,1550.0,0.5107977168118659,观望
皇后,2025-08-03 20:00:00,1547.0,0.5067447268194234,观望
皇后,2025-08-03 23:59:00,1547.0,0.5031590789015642,观望
皇后,2025-08-04 13:00:00,1546.3,0.4992354888228977,观望
皇后,2025-08-04 20:00:00,1528.0,0.49267815597434544,观望
皇后,2025-08-04 23:59:00,1528.0,0.48913527528243894,观望
皇后,2025-08-05 13:00:00,1519.5,0.4805928578503955,观望
皇后,2025-08-05 20:00:00,1508.0,0.47500683902923385,观望
皇后,2025-08-05 23:59:00,1507.9,0.4700015184946367,观望
皇后,2025-08-06 13:00:00,1497.4,0.4620804813168442,观望
皇后,2025-08-06 20:00:00,1475.02,0.4549436896078149,观望
皇后,2025-08-06 23:59:00,1475.02,0.44959105220097123,观望
皇后,2025-08-07 13:00:00,1474.52,0.4380362049008768,观望
皇后,2025-08-07 20:00:00,1493.0,0.4326976591729451,观望
皇后,2025-08-07 23:59:00,1493.0,0.42539390534219035,观望
皇后,2025-08-08 13:00:00,1493.0,0.4145819437302709,观望
皇后,2025-08-08 20:00:00,1492.0,0.36727623354415,观望
皇后,2025-08-08 23:59:00,1491.0,0.36842138567396293,观望
皇后,2025-08-09 13:00:00,1488.0,0.368662150365171,观望
皇后,2025-08-09 20:00:00,1484.0,0.37226702464647693,买入
皇后,2025-08-09 23:59:00,1484.0,0.37331271256327087,观望
皇后,2025-08-10 13:00:00,1479.5,0.37524034760655545,观望
皇后,2025-08-10 20:00:00,1474.5,0.3786311142845709,观望
皇后,2025-08-10 23:59:00,1474.5,0.3792979113789353,观望
皇后,2025-08-11 13:00:00,1450.0,0.37606795206855026,观望
皇后,2025-08-11 20:00:00,1460.0,0.3777326023211469,观望
皇后,2025-08-11 23:59:00,1460.0,0.37902544020662654,观望
皇后,2025-08-12 13:00:00,1460.0,0.37940817475817656,观望
皇后,2025-08-12 20:00:00,1436.0,0.3827675564772513,观望
皇后,2025-08-12 23:59:00,1420.0,0.3809849981564987,观望
皇后,2025-08-13 13:00:00,1411.0,0.37753767980255815,观望
皇后,2025-08-13 20:00:00,1411.0,0.37772853021569025,观望
皇后,2025-08-13 23:59:00,1411.0,0.3779345577150903,观望
皇后,2025-08-14 13:00:00,1460.0,0.3794257544526981,观望
皇后,2025-08-14 20:00:00,1474.0,0.3815134512620542,观望
皇后,2025-08-14 23:59:00,1474.0,0.3814906610803701,观望
皇后,2025-08-15 13:00:00,1508.0,0.3835678622796347,观望
皇后,2025-08-15 20:00:00,1520.0,0.3858663495461438,观望
皇后,2025-08-15 23:59:00,1520.0,0.38707722987362747,观望
皇后,2025-08-16 13:00:00,1530.0,0.39175632204845356,观望
皇后,2025-08-16 20:00:00,1530.0,0.39782542462629344,买入
皇后,2025-08-16 23:59:00,1530.0,0.39828237539272954,观望
皇后,2025-08-17 13:00:00,1545.0,0.40015394951448935,观望
皇后,2025-08-17 20:00:00,1548.49,0.3959423915118632,观望
皇后,2025-08-17 23:59:00,1548.49,0.39904309737579974,观望
皇后,2025-08-18 13:00:00,1539.9,0.40199244785229227,观望
皇后,2025-08-18 20:00:00,1580.0,0.4089788843973764,观望
皇后,2025-08-18 23:59:00,1580.0,0.413964736310023,观望
皇后,2025-08-19 13:00:00,1600.0,0.42203966236446644,观望
皇后,2025-08-19 20:00:00,1600.0,0.4294061733266404,观望
皇后,2025-08-19 23:59:00,1600.0,0.43487445541414443,观望
皇后,2025-08-20 13:00:00,1615.0,0.44354397541382873,观望
皇后,2025-08-20 20:00:00,1619.0,0.4515965799392169,观望
皇后,2025-08-20 23:59:00,1619.0,0.45681914984459715,观望
皇后,2025-08-21 13:00:00,1624.0,0.46586282280264824,观望
皇后,2025-08-21 20:00:00,1647.5,0.4688809393811297,观望
皇后,2025-08-21 23:59:00,1647.5,0.4725143593794021,观望
皇后,2025-08-22 13:00:00,1649.0,0.4765151380513459,观望
皇后,2025-08-22 20:00:00,1665.0,0.48715419240895486,观望
皇后,2025-08-22 23:59:00,1665.0,0.4915257547942203,观望
皇后,2025-08-23 13:00:00,1675.0,0.49246640443984696,观望
皇后,2025-08-23 20:00:00,1675.0,0.48991063334792495,观望
皇后,2025-08-23 23:59:00,1675.0,0.4892253566018236,观望
皇后,2025-08-24 13:00:00,1665.5,0.48230292128970254,观望
皇后,2025-08-24 20:00:00,1652.5,0.47874659579281664,观望
皇后,2025-08-24 23:59:00,1652.5,0.4780996138412017,观望
皇后,2025-08-25 13:00:00,1651.5,0.47364460768154804,观望
皇后,2025-08-25 20:00:00,1649.5,0.4710112921483097,观望
皇后,2025-08-25 23:59:00,1649.5,0.4697769822234078,观望
皇后,2025-08-26 13:00:00,1649.0,0.46680530852737495,观望
皇后,2025-08-26 20:00:00,1698.0,0.46723779345736016,观望
皇后,2025-08-26 23:59:00,1698.0,0.46552579198462096,观望
皇后,2025-08-27 13:00:00,1750.0,0.4663322531923653,观望
皇后,2025-08-27 20:00:00,1729.5,0.46565817141710003,观望
皇后,2025-08-27 23:59:00,1729.5,0.4664116615567663,观望
皇后,2025-08-28 13:00:00,1710.0,0.46836255682061206,观望
皇后,2025-08-28 20:00:00,1668.0,0.46314328996170373,观望
皇后,2025-08-28 23:59:00,1668.0,0.4644312403264193,观望
皇后,2025-08-29 13:00:00,1659.0,0.4621109348166041,观望
皇后,2025-08-29 20:00:00,1656.0,0.46175600711591774,观望
皇后,2025-08-29 23:59:00,1656.0,0.46170733613933823,观望
皇后,2025-08-30 13:00:00,1677.0,0.4602567342011029,观望
皇后,2025-08-30 20:00:00,1693.0,0.45914289241953843,观望
皇后,2025-08-30 23:59:00,1693.0,0.45783440639276596,观望
皇后,2025-08-31 13:00:00,1650.0,0.4556523287768678,观望
皇后,2025-08-31 20:00:00,1629.5,0.4510722125695822,观望
皇后,2025-08-31 23:59:00,1629.5,0.44920326467085564,观望
皇后,2025-09-01 13:00:00,1626.88,0.4463250431558456,观望
皇后,2025-09-01 20:00:00,1650.0,0.4394382535187386,观望
皇后,2025-09-01 23:59:00,1650.0,0.4375499875639482,观望
皇后,2025-09-02 13:00:00,1720.0,0.43632332527427364,观望
皇后,2025-09-02 20:00:00,1699.5,0.43401894701587385,观望
皇后,2025-09-02 23:59:00,1699.5,0.4332454709246896,观望
皇后,2025-09-03 13:00:00,1720.0,0.435758598964936,观望
皇后,2025-09-03 20:00:00,1788.0,0.44129533730672277,观望
皇后,2025-09-03 23:59:00,1788.0,0.4390339911893255,观望
皇后,2025-09-04 13:00:00,1795.0,0.4378989288374857,观望
皇后,2025-09-04 20:00:00,1795.0,0.43605185889679104,观望
皇后,2025-09-04 23:59:00,1770.0,0.4325525207271371,观望
皇后,2025-09-05 13:00:00,1790.0,0.4302338638683245,观望
皇后,2025-09-05 20:00:00,1749.5,0.4093619659127515,观望
皇后,2025-09-05 23:59:00,1749.5,0.41003840343552417,观望
皇后,2025-09-06 13:00:00,1748.5,0.40354081322050017,观望
皇后,2025-09-06 20:00:00,1715.0,0.4163812432653437,观望
皇后,2025-09-06 23:59:00,1715.0,0.4219904877011032,观望
皇后,2025-09-07 13:00:00,1718.0,0.4360021316528135,观望
皇后,2025-09-07 20:00:00,1770.0,0.456213146186209,观望
皇后,2025-09-07 23:59:00,1770.0,0.45647636515693285,观望
皇后,2025-09-08 13:00:00,2439.0,0.5146502712705451,观望
皇后,2025-09-08 20:00:00,2400.0,0.539791809836339,观望
皇后,2025-09-08 23:59:00,2400.0,0.5698416123365667,观望
皇后,2025-09-09 13:00:00,2428.38,0.5942630261644541,观望
皇后,2025-09-09 20:00:00,2450.0,0.6199145191990861,买入
皇后,2025-09-09 23:59:00,2450.0,0.6458553118491065,观望
皇后,2025-09-10 13:00:00,2799.5,0.7105334634849911,观望
皇后,2025-09-10 20:00:00,2599.5,0.7408888313839789,观望
皇后,2025-09-10 23:59:00,2599.5,0.7708294116615722,观望
皇后,2025-09-11 13:00:00,2890.0,0.8093903039972283,观望
皇后,2025-09-11 20:00:00,3200.0,0.8558108682814675,观望
皇后,2025-09-11 23:59:00,3200.0,0.8937965665070655,观望
皇后,2025-09-12 13:00:00,3098.5,0.9186983293628075,观望
皇后,2025-09-12 20:00:00,2866.66,0.9465069712448719,观望
皇后,2025-09-12 23:59:00,2866.66,0.9700709856091239,观望
皇后,2025-09-13 13:00:00,2845.0,0.9837748263632997,观望
皇后,2025-09-13 20:00:00,2730.0,0.9740748884803427,观望
皇后,2025-09-13 23:59:00,2730.0,0.9878977439995968,观望
皇后,2025-09-14 13:00:00,2599.0,0.9926915370595799,观望
皇后,2025-09-14 20:00:00,2520.0,0.9965893167748878,观望
皇后,2025-09-14 23:59:00,2520.0,1.0,观望
皇后,2025-09-15 13:00:00,2450.0,0.9894850902461862,观望
皇后,2025-09-15 20:00:00,1899.0,0.9780124338194907,观望
皇后,2025-09-15 23:59:00,1899.0,0.9627588029072576,观望
皇后,2025-09-16 13:00:00,2141.0,0.9452012664856937,观望
皇后,2025-09-16 20:00:00,2498.0,0.9276008258072237,买入
皇后,2025-09-16 23:59:00,2498.0,0.8858628786355889,观望
皇后,2025-09-17 13:00:00,2399.0,0.8406251272348424,观望
皇后,2025-09-17 20:00:00,2480.0,0.7907652799872757,观望
皇后,2025-09-17 23:59:00,2480.0,0.7446632860991738,观望
皇后,2025-09-18 13:00:00,2060.0,0.48206226386252676,观望
皇后,2025-09-18 20:00:00,2150.0,0.46040905391602704,观望
皇后,2025-09-18 23:59:00,2150.0,0.42219373517092484,观望
皇后,2025-09-19 13:00:00,2267.0,0.3748586201991184,观望
皇后,2025-09-19 20:00:00,2150.0,0.32352338243296075,观望
皇后,2025-09-19 23:59:00,2150.0,0.2866769800869904,观望
皇后,2025-09-20 13:00:00,2164.0,0.17122308918693147,观望
皇后,2025-09-20 20:00:00,2300.0,0.19032385751024303,观望
皇后,2025-09-20 23:59:00,2300.0,0.1626871171897001,观望
皇后,2025-09-21 13:00:00,2400.0,0.0439901375752616,观望
皇后,2025-09-21 20:00:00,2389.9,0.0,观望
皇后,2025-09-21 23:59:00,2389.9,0.031660679601128616,观望
皇后,2025-09-22 13:00:00,2348.38,0.0654558802288498,观望
皇后,2025-09-22 20:00:00,2269.85,0.11772828682772207,观望
皇后,2025-09-22 23:59:00,2269.85,0.14868172523759118,观望
皇后,2025-09-23 13:00:00,2197.46,0.17678664002265557,观望
夜愿,2025-06-25 13:00:00,624.5,0.3273014774908354,观望
夜愿,2025-06-25 20:00:00,619.0,0.14873075877614905,观望
夜愿,2025-06-25 23:59:00,633.0,0.3795069877165778,观望
夜愿,2025-06-26 13:00:00,644.5,0.5007686664989475,观望
夜愿,2025-06-26 20:00:00,616.0,0.4636033585757554,观望
夜愿,2025-06-26 23:59:00,620.0,0.4393136995398146,观望
夜愿,2025-06-27 13:00:00,605.0,0.37659282086178025,观望
夜愿,2025-06-27 20:00:00,605.0,0.34887731513378933,观望
夜愿,2025-06-27 23:59:00,605.0,0.33377422878372287,观望
夜愿,2025-06-28 13:00:00,658.5,0.36475606176275965,观望
夜愿,2025-06-28 20:00:00,638.23,0.361828720723169,观望
夜愿,2025-06-28 23:59:00,633.82,0.36610625877835834,观望
夜愿,2025-06-29 13:00:00,624.2,0.36496486668425604,观望
夜愿,2025-06-29 20:00:00,619.5,0.36427887632345746,观望
夜愿,2025-06-29 23:59:00,619.5,0.3636104026151886,观望
夜愿,2025-06-30 13:00:00,608.5,0.35917278827587557,观望
夜愿,2025-06-30 20:00:00,597.5,0.35214930462602234,观望
夜愿,2025-06-30 23:59:00,604.98,0.3503687106383227,观望
夜愿,2025-07-01 13:00:00,599.5,0.344187270696264,观望
夜愿,2025-07-01 20:00:00,595.5,0.3400097726383563,观望
夜愿,2025-07-01 23:59:00,595.5,0.3373048203980241,观望
夜愿,2025-07-02 13:00:00,590.0,0.3321219834341745,观望
夜愿,2025-07-02 20:00:00,577.5,0.3234037121539335,观望
夜愿,2025-07-02 23:59:00,577.5,0.3186828684323716,观望
夜愿,2025-07-03 13:00:00,554.0,0.30436551068218115,观望
夜愿,2025-07-03 20:00:00,544.88,0.2943977359089793,观望
夜愿,2025-07-03 23:59:00,544.88,0.28656028956063967,观望
夜愿,2025-07-04 13:00:00,569.0,0.28689772147705805,观望
夜愿,2025-07-04 20:00:00,555.0,0.2747656050885654,观望
夜愿,2025-07-04 23:59:00,560.0,0.2739620421627473,观望
夜愿,2025-07-05 13:00:00,574.0,0.2746662074328143,观望
夜愿,2025-07-05 20:00:00,574.3,0.26747060445244863,观望
夜愿,2025-07-05 23:59:00,574.3,0.2537675246022486,观望
夜愿,2025-07-06 13:00:00,559.5,0.24477292469510775,观望
夜愿,2025-07-06 20:00:00,550.0,0.26824535253756054,观望
夜愿,2025-07-06 23:59:00,550.0,0.2624592616539981,观望
夜愿,2025-07-07 13:00:00,570.0,0.2724877365076662,观望
夜愿,2025-07-07 20:00:00,560.0,0.25790727689150994,观望
夜愿,2025-07-07 23:59:00,560.0,0.2498199596955154,观望
夜愿,2025-07-08 13:00:00,569.0,0.21053523647785724,观望
夜愿,2025-07-08 20:00:00,565.0,0.22254049356080513,观望
夜愿,2025-07-08 23:59:00,565.0,0.23033478478615016,观望
夜愿,2025-07-09 13:00:00,565.0,0.23995438939913097,观望
夜愿,2025-07-09 20:00:00,556.0,0.24604819381855553,观望
夜愿,2025-07-09 23:59:00,556.0,0.2527883225861659,观望
夜愿,2025-07-10 13:00:00,559.0,0.26397242430438017,观望
夜愿,2025-07-10 20:00:00,555.0,0.27211357852515433,观望
夜愿,2025-07-10 23:59:00,559.0,0.27543604735076627,观望
夜愿,2025-07-11 13:00:00,564.5,0.2850474669057269,观望
夜愿,2025-07-11 20:00:00,556.36,0.2906212037450425,观望
夜愿,2025-07-11 23:59:00,556.36,0.29816694940391575,观望
夜愿,2025-07-12 13:00:00,570.0,0.3091636790875597,观望
夜愿,2025-07-12 20:00:00,565.7,0.3166309212500884,观望
夜愿,2025-07-12 23:59:00,564.02,0.3218418529013076,观望
夜愿,2025-07-13 13:00:00,563.0,0.3420719764577316,观望
夜愿,2025-07-13 20:00:00,568.9,0.3459228646424278,观望
夜愿,2025-07-13 23:59:00,566.66,0.3404291936998888,观望
夜愿,2025-07-14 13:00:00,559.0,0.32367297270961626,观望
夜愿,2025-07-14 20:00:00,540.88,0.324965825209609,观望
夜愿,2025-07-14 23:59:00,540.88,0.31829339127621076,观望
夜愿,2025-07-15 13:00:00,530.0,0.3042878161567046,观望
夜愿,2025-07-15 20:00:00,500.0,0.2964129508687716,观望
夜愿,2025-07-15 23:59:00,500.0,0.2949147531992345,观望
夜愿,2025-07-16 13:00:00,538.99,0.3107794144184919,观望
夜愿,2025-07-16 20:00:00,515.0,0.2945351902040372,观望
夜愿,2025-07-16 23:59:00,515.0,0.2870837681269859,观望
夜愿,2025-07-17 13:00:00,504.0,0.2594521442476785,观望
夜愿,2025-07-17 20:00:00,474.0,0.25281527285275507,买入
夜愿,2025-07-17 23:59:00,474.0,0.24581371468197016,观望
夜愿,2025-07-18 13:00:00,488.38,0.23655383914685696,观望
夜愿,2025-07-18 20:00:00,485.5,0.23393487158169043,观望
夜愿,2025-07-18 23:59:00,482.0,0.22783790127499368,观望
夜愿,2025-07-19 13:00:00,475.0,0.22175782594928609,观望
夜愿,2025-07-19 20:00:00,457.0,0.22006289292923525,观望
夜愿,2025-07-19 23:59:00,457.0,0.21421259447873914,观望
夜愿,2025-07-20 13:00:00,438.0,0.20002115980026836,观望
夜愿,2025-07-20 20:00:00,414.5,0.18708003833473025,观望
夜愿,2025-07-20 23:59:00,414.5,0.17478309918362048,观望
夜愿,2025-07-21 13:00:00,401.0,0.15918136700803062,观望
夜愿,2025-07-21 20:00:00,375.0,0.1468101647483081,观望
夜愿,2025-07-21 23:59:00,390.0,0.14333100885894734,观望
夜愿,2025-07-22 13:00:00,387.0,0.11844649242131929,观望
夜愿,2025-07-22 20:00:00,438.0,0.1378785434000917,观望
夜愿,2025-07-22 23:59:00,438.0,0.12631889587420467,观望
夜愿,2025-07-23 13:00:00,473.98,0.13927494211323985,观望
夜愿,2025-07-23 20:00:00,454.5,0.12410602465919857,观望
夜愿,2025-07-23 23:59:00,454.5,0.13053479714976893,观望
夜愿,2025-07-24 13:00:00,441.0,0.12996155760198044,观望
夜愿,2025-07-24 20:00:00,420.0,0.13470567004988365,买入
夜愿,2025-07-24 23:59:00,420.0,0.14382964560673273,观望
夜愿,2025-07-25 13:00:00,436.0,0.16431175855133714,观望
夜愿,2025-07-25 20:00:00,433.4,0.17908445145561994,观望
夜愿,2025-07-25 23:59:00,433.4,0.17657518999823105,观望
夜愿,2025-07-26 13:00:00,472.43,0.1724968329315947,观望
夜愿,2025-07-26 20:00:00,471.97,0.18586083850813567,观望
夜愿,2025-07-26 23:59:00,471.97,0.19558079032208697,观望
夜愿,2025-07-27 13:00:00,469.48,0.20732740671746644,观望
夜愿,2025-07-27 20:00:00,466.5,0.22815349994444026,观望
夜愿,2025-07-27 23:59:00,466.5,0.2345239836366031,观望
夜愿,2025-07-28 13:00:00,466.5,0.23459445310632415,观望
夜愿,2025-07-28 20:00:00,463.5,0.24699816153434287,观望
夜愿,2025-07-28 23:59:00,463.5,0.26132561095576523,观望
夜愿,2025-07-29 13:00:00,487.88,0.2902415067601198,观望
夜愿,2025-07-29 20:00:00,497.5,0.3348430300781804,观望
夜愿,2025-07-29 23:59:00,497.5,0.34936338047617455,观望
夜愿,2025-07-30 13:00:00,495.0,0.3892759228047315,观望
夜愿,2025-07-30 20:00:00,490.0,0.4218302549849322,观望
夜愿,2025-07-30 23:59:00,490.0,0.4257332327970472,观望
夜愿,2025-07-31 13:00:00,496.0,0.44027414713253293,观望
夜愿,2025-07-31 20:00:00,494.0,0.4471979722760102,观望
夜愿,2025-07-31 23:59:00,494.0,0.43055256153185184,观望
夜愿,2025-08-01 13:00:00,492.99,0.4253560998914706,观望
夜愿,2025-08-01 20:00:00,477.39,0.3808972300840754,买入
夜愿,2025-08-01 23:59:00,477.39,0.38007420505883244,观望
夜愿,2025-08-02 13:00:00,472.0,0.36120850003403293,观望
夜愿,2025-08-02 20:00:00,469.99,0.39520833233294683,观望
夜愿,2025-08-02 23:59:00,468.49,0.3994989039702038,观望
夜愿,2025-08-03 13:00:00,458.47,0.4134388028470007,观望
夜愿,2025-08-03 20:00:00,442.5,0.4185376093557363,观望
夜愿,2025-08-03 23:59:00,442.5,0.4147338620667341,观望
夜愿,2025-08-04 13:00:00,450.0,0.40494797295079843,观望
夜愿,2025-08-04 20:00:00,449.5,0.3977790236510028,观望
夜愿,2025-08-04 23:59:00,449.5,0.39099126222855085,观望
夜愿,2025-08-05 13:00:00,448.99,0.35153924298292316,观望
夜愿,2025-08-05 20:00:00,448.49,0.3487295218423687,观望
夜愿,2025-08-05 23:59:00,454.0,0.34770887375405046,观望
夜愿,2025-08-06 13:00:00,450.0,0.34448166746190934,观望
夜愿,2025-08-06 20:00:00,464.0,0.34916164349423484,观望
夜愿,2025-08-06 23:59:00,464.0,0.34202776967626036,观望
夜愿,2025-08-07 13:00:00,489.5,0.34697572094318674,观望
夜愿,2025-08-07 20:00:00,475.0,0.33357945333417727,观望
夜愿,2025-08-07 23:59:00,475.0,0.32892814775022716,观望
夜愿,2025-08-08 13:00:00,475.0,0.286584739882147,观望
夜愿,2025-08-08 20:00:00,477.0,0.2804178027353931,买入
夜愿,2025-08-08 23:59:00,477.0,0.28329381564617906,观望
夜愿,2025-08-09 13:00:00,470.5,0.28573050507437014,观望
夜愿,2025-08-09 20:00:00,470.0,0.29249254802875174,观望
夜愿,2025-08-09 23:59:00,465.5,0.2936771088422302,观望
夜愿,2025-08-10 13:00:00,467.5,0.2950913238372519,观望
夜愿,2025-08-10 20:00:00,460.0,0.29849209416763206,观望
夜愿,2025-08-10 23:59:00,460.0,0.3058809771789749,观望
夜愿,2025-08-11 13:00:00,460.0,0.31261577050000905,观望
夜愿,2025-08-11 20:00:00,452.5,0.3367892837695047,观望
夜愿,2025-08-11 23:59:00,452.5,0.3430857252152006,观望
夜愿,2025-08-12 13:00:00,449.5,0.35585891718599927,观望
夜愿,2025-08-12 20:00:00,445.5,0.36243771259251195,观望
夜愿,2025-08-12 23:59:00,446.0,0.36983041292747665,观望
夜愿,2025-08-13 13:00:00,442.0,0.38635744691839535,观望
夜愿,2025-08-13 20:00:00,440.0,0.40000452352640514,观望
夜愿,2025-08-13 23:59:00,440.0,0.39542979482882606,观望
夜愿,2025-08-14 13:00:00,447.0,0.38705331199778314,观望
夜愿,2025-08-14 20:00:00,445.5,0.3807881404528149,观望
夜愿,2025-08-14 23:59:00,445.5,0.3754554846344609,观望
夜愿,2025-08-15 13:00:00,463.0,0.376774141474264,观望
夜愿,2025-08-15 20:00:00,462.0,0.3673851285675702,买入
夜愿,2025-08-15 23:59:00,462.0,0.3573890700832816,观望
夜愿,2025-08-16 13:00:00,462.0,0.35244968225191575,观望
夜愿,2025-08-16 20:00:00,460.0,0.32245250118691937,观望
夜愿,2025-08-16 23:59:00,460.0,0.3179238180572298,观望
夜愿,2025-08-17 13:00:00,470.0,0.29939590791356296,观望
夜愿,2025-08-17 20:00:00,474.0,0.30766623984071184,观望
夜愿,2025-08-17 23:59:00,474.0,0.3089423536422776,观望
夜愿,2025-08-18 13:00:00,474.0,0.3111999866537083,观望
夜愿,2025-08-18 20:00:00,471.0,0.31194497416164035,观望
夜愿,2025-08-18 23:59:00,471.0,0.3156693170222318,观望
夜愿,2025-08-19 13:00:00,497.0,0.33887387495055354,观望
夜愿,2025-08-19 20:00:00,493.44,0.34258710451590674,观望
夜愿,2025-08-19 23:59:00,494.0,0.3550141060987295,观望
夜愿,2025-08-20 13:00:00,498.9,0.3638591380627567,观望
夜愿,2025-08-20 20:00:00,515.0,0.38771520620126143,观望
夜愿,2025-08-20 23:59:00,515.0,0.3952128427404489,观望
夜愿,2025-08-21 13:00:00,514.99,0.39418723132468214,观望
夜愿,2025-08-21 20:00:00,508.49,0.41130805385672253,观望
夜愿,2025-08-21 23:59:00,508.49,0.41828587755228996,观望
夜愿,2025-08-22 13:00:00,540.0,0.44385895274598375,观望
夜愿,2025-08-22 20:00:00,540.0,0.45231841817349516,观望
夜愿,2025-08-22 23:59:00,540.0,0.45834877779535593,观望
夜愿,2025-08-23 13:00:00,550.0,0.47117806720800787,观望
夜愿,2025-08-23 20:00:00,540.0,0.47158161549167493,观望
夜愿,2025-08-23 23:59:00,540.0,0.47214310057169073,观望
夜愿,2025-08-24 13:00:00,529.0,0.46772219154607475,观望
夜愿,2025-08-24 20:00:00,512.3,0.4648756524514765,观望
夜愿,2025-08-24 23:59:00,512.3,0.46717590085223815,观望
夜愿,2025-08-25 13:00:00,520.0,0.46318067430767557,观望
夜愿,2025-08-25 20:00:00,508.0,0.45948989197576406,观望
夜愿,2025-08-25 23:59:00,508.0,0.4601105653821528,观望
夜愿,2025-08-26 13:00:00,519.5,0.46211813630606713,观望
夜愿,2025-08-26 20:00:00,544.99,0.4670927413378395,观望
夜愿,2025-08-26 23:59:00,544.99,0.46085137271670734,观望
夜愿,2025-08-27 13:00:00,539.5,0.451028765624689,观望
夜愿,2025-08-27 20:00:00,535.0,0.4430239872322522,观望
夜愿,2025-08-27 23:59:00,535.0,0.4385801255793994,观望
夜愿,2025-08-28 13:00:00,539.6,0.43421530596479463,观望
夜愿,2025-08-28 20:00:00,526.0,0.4232726829323415,观望
夜愿,2025-08-28 23:59:00,526.0,0.42028048555595665,观望
夜愿,2025-08-29 13:00:00,513.0,0.40067556936432686,观望
夜愿,2025-08-29 20:00:00,525.0,0.40283947842541346,观望
夜愿,2025-08-29 23:59:00,525.0,0.3951762708274903,观望
夜愿,2025-08-30 13:00:00,525.0,0.38837857697977923,观望
夜愿,2025-08-30 20:00:00,520.5,0.373388217489239,观望
夜愿,2025-08-30 23:59:00,520.5,0.37042124774410196,观望
夜愿,2025-08-31 13:00:00,514.5,0.3644694441207111,观望
夜愿,2025-08-31 20:00:00,530.0,0.3687893965618624,观望
夜愿,2025-08-31 23:59:00,530.0,0.35967264867220006,观望
夜愿,2025-09-01 13:00:00,546.0,0.3231620419246047,观望
夜愿,2025-09-01 20:00:00,545.0,0.32290588293508576,观望
夜愿,2025-09-01 23:59:00,545.0,0.32534861900417456,观望
夜愿,2025-09-02 13:00:00,580.0,0.3437548568076266,观望
夜愿,2025-09-02 20:00:00,640.0,0.39252073199209847,观望
夜愿,2025-09-02 23:59:00,640.0,0.40763469176034556,观望
夜愿,2025-09-03 13:00:00,659.0,0.45044871467798075,观望
夜愿,2025-09-03 20:00:00,698.0,0.5002381381975544,观望
夜愿,2025-09-03 23:59:00,707.0,0.5205420929936431,观望
夜愿,2025-09-04 13:00:00,769.48,0.5687670648868941,观望
夜愿,2025-09-04 20:00:00,789.0,0.6083180226651508,买入
夜愿,2025-09-04 23:59:00,770.0,0.6285538626490014,观望
夜愿,2025-09-05 13:00:00,697.5,0.621627108589039,观望
夜愿,2025-09-05 20:00:00,692.0,0.6271522004935316,观望
夜愿,2025-09-05 23:59:00,692.0,0.6554835518016016,观望
夜愿,2025-09-06 13:00:00,690.0,0.6884047551540395,观望
夜愿,2025-09-06 20:00:00,694.9,0.7128894114796733,观望
夜愿,2025-09-06 23:59:00,694.9,0.7288115550576838,观望
夜愿,2025-09-07 13:00:00,691.5,0.7401983884762726,观望
夜愿,2025-09-07 20:00:00,688.89,0.7708308728221273,观望
夜愿,2025-09-07 23:59:00,688.89,0.7765237755711837,观望
夜愿,2025-09-08 13:00:00,798.0,0.8185387388390127,观望
夜愿,2025-09-08 20:00:00,820.0,0.8067699605368764,观望
夜愿,2025-09-08 23:59:00,820.0,0.8048030551347293,观望
夜愿,2025-09-09 13:00:00,828.0,0.8048706923995979,观望
夜愿,2025-09-09 20:00:00,812.0,0.7957780283479753,观望
夜愿,2025-09-09 23:59:00,812.0,0.7853624503333495,观望
夜愿,2025-09-10 13:00:00,812.0,0.7739701470598327,观望
夜愿,2025-09-10 20:00:00,815.0,0.7498744481449355,观望
夜愿,2025-09-10 23:59:00,815.0,0.7297540426927868,观望
夜愿,2025-09-11 13:00:00,983.0,0.7806705407523825,观望
夜愿,2025-09-11 20:00:00,974.0,0.7663873805575592,买入
夜愿,2025-09-11 23:59:00,974.0,0.7690095234791743,观望
夜愿,2025-09-12 13:00:00,1144.5,0.8439325934796156,观望
夜愿,2025-09-12 20:00:00,956.0,0.7891619737061528,观望
夜愿,2025-09-12 23:59:00,956.0,0.826659126456818,观望
夜愿,2025-09-13 13:00:00,884.0,0.8273623761673744,观望
夜愿,2025-09-13 20:00:00,815.0,0.8129580763685127,观望
夜愿,2025-09-13 23:59:00,815.0,0.8254543235690108,观望
夜愿,2025-09-14 13:00:00,790.0,0.8009128731393084,观望
夜愿,2025-09-14 20:00:00,770.0,0.8282604999735926,观望
夜愿,2025-09-14 23:59:00,770.0,0.8951195789068425,观望
夜愿,2025-09-15 13:00:00,705.0,1.0,观望
夜愿,2025-09-15 20:00:00,643.0,0.9872223205665792,观望
夜愿,2025-09-15 23:59:00,643.0,0.9788190410043293,观望
夜愿,2025-09-16 13:00:00,676.4,0.9727020840881037,观望
夜愿,2025-09-16 20:00:00,785.0,0.9774616423352713,观望
夜愿,2025-09-16 23:59:00,785.0,0.9411017816757893,观望
夜愿,2025-09-17 13:00:00,770.0,0.9074789740104914,观望
夜愿,2025-09-17 20:00:00,765.0,0.8706184613229907,观望
夜愿,2025-09-17 23:59:00,765.0,0.8199327005815451,观望
夜愿,2025-09-18 13:00:00,693.47,0.5986773216798439,观望
夜愿,2025-09-18 20:00:00,688.45,0.5386531649192484,观望
夜愿,2025-09-18 23:59:00,689.5,0.5030242262465088,观望
夜愿,2025-09-19 13:00:00,676.49,0.45825149802878906,观望
夜愿,2025-09-19 20:00:00,684.0,0.43861323585456746,观望
夜愿,2025-09-19 23:59:00,684.0,0.3947777929634527,观望
夜愿,2025-09-20 13:00:00,690.0,0.35124179094877744,观望
夜愿,2025-09-20 20:00:00,684.0,0.29727374950234536,观望
夜愿,2025-09-20 23:59:00,684.0,0.2491408888735056,观望
夜愿,2025-09-21 13:00:00,774.0,0.06355486608651822,观望
夜愿,2025-09-21 20:00:00,757.41,0.058238121933991804,观望
夜愿,2025-09-21 23:59:00,757.41,0.06278357470644161,观望
夜愿,2025-09-22 13:00:00,765.5,0.0,观望
夜愿,2025-09-22 20:00:00,734.0,0.10384565170599284,观望
夜愿,2025-09-22 23:59:00,734.0,0.1359236400399536,观望
夜愿,2025-09-23 13:00:00,703.0,0.17544529326056854,观望
一发入魂,2025-06-25 13:00:00,406.0,0.3237331340872256,观望
一发入魂,2025-06-25 20:00:00,425.0,0.8864526595690391,买入
一发入魂,2025-06-25 23:59:00,432.0,0.7106522857861234,观望
一发入魂,2025-06-26 13:00:00,430.0,0.5773309673163078,观望
一发入魂,2025-06-26 20:00:00,422.0,0.49871685771090135,观望
一发入魂,2025-06-26 23:59:00,422.0,0.45341299809760777,观望
一发入魂,2025-06-27 13:00:00,395.0,0.3816370664596742,观望
一发入魂,2025-06-27 20:00:00,379.0,0.3119591061270056,观望
一发入魂,2025-06-27 23:59:00,379.0,0.28179879560657833,观望
一发入魂,2025-06-28 13:00:00,412.49,0.2804512929607043,观望
一发入魂,2025-06-28 20:00:00,399.0,0.26501249062262255,观望
一发入魂,2025-06-28 23:59:00,399.0,0.2662713991708032,观望
一发入魂,2025-06-29 13:00:00,398.0,0.26754450982515604,观望
一发入魂,2025-06-29 20:00:00,383.98,0.26514809436382974,观望
一发入魂,2025-06-29 23:59:00,383.98,0.27044839620392924,观望
一发入魂,2025-06-30 13:00:00,388.0,0.2753601327402395,观望
一发入魂,2025-06-30 20:00:00,382.99,0.27614464529513444,观望
一发入魂,2025-06-30 23:59:00,382.0,0.2796823319415628,观望
一发入魂,2025-07-01 13:00:00,395.0,0.28780335069984037,观望
一发入魂,2025-07-01 20:00:00,398.0,0.2897082230090331,观望
一发入魂,2025-07-01 23:59:00,390.0,0.28878072039237307,观望
一发入魂,2025-07-02 13:00:00,391.9,0.29302443441729026,观望
一发入魂,2025-07-02 20:00:00,379.0,0.28997761676898876,观望
一发入魂,2025-07-02 23:59:00,379.0,0.2938787683397782,观望
一发入魂,2025-07-03 13:00:00,387.0,0.29877964836251425,观望
一发入魂,2025-07-03 20:00:00,376.5,0.29514455831123354,观望
一发入魂,2025-07-03 23:59:00,376.5,0.29777199558240286,观望
一发入魂,2025-07-04 13:00:00,373.5,0.29768145572519666,观望
一发入魂,2025-07-04 20:00:00,364.0,0.2952222074824884,买入
一发入魂,2025-07-04 23:59:00,364.0,0.29571652234964285,观望
一发入魂,2025-07-05 13:00:00,371.0,0.2978854929196689,观望
一发入魂,2025-07-05 20:00:00,364.0,0.27669166695829994,观望
一发入魂,2025-07-05 23:59:00,360.0,0.276816472080664,观望
一发入魂,2025-07-06 13:00:00,360.5,0.28186826672246473,观望
一发入魂,2025-07-06 20:00:00,354.88,0.28700177131925275,观望
一发入魂,2025-07-06 23:59:00,354.88,0.29044051743595223,观望
一发入魂,2025-07-07 13:00:00,348.0,0.3034385654287477,观望
一发入魂,2025-07-07 20:00:00,339.0,0.3038190515935194,观望
一发入魂,2025-07-07 23:59:00,339.0,0.2954096421700537,观望
一发入魂,2025-07-08 13:00:00,345.0,0.26775561749436905,观望
一发入魂,2025-07-08 20:00:00,345.0,0.27048924233771854,观望
一发入魂,2025-07-08 23:59:00,345.0,0.27001512163342256,观望
一发入魂,2025-07-09 13:00:00,348.0,0.27188825990732696,观望
一发入魂,2025-07-09 20:00:00,340.0,0.2782900261190935,观望
一发入魂,2025-07-09 23:59:00,340.0,0.2766883851360175,观望
一发入魂,2025-07-10 13:00:00,342.0,0.2742575022915723,观望
一发入魂,2025-07-10 20:00:00,345.0,0.2761711262333043,观望
一发入魂,2025-07-10 23:59:00,345.0,0.273773876020155,观望
一发入魂,2025-07-11 13:00:00,350.0,0.26703023240716933,观望
一发入魂,2025-07-11 20:00:00,348.5,0.2665840522080077,买入
一发入魂,2025-07-11 23:59:00,360.0,0.27753235227664796,观望
一发入魂,2025-07-12 13:00:00,359.5,0.27741089970497207,观望
一发入魂,2025-07-12 20:00:00,359.0,0.2853827924481159,观望
一发入魂,2025-07-12 23:59:00,363.5,0.2887280889721289,观望
一发入魂,2025-07-13 13:00:00,360.0,0.2849942879101105,观望
一发入魂,2025-07-13 20:00:00,356.0,0.2907759791752371,观望
一发入魂,2025-07-13 23:59:00,355.0,0.29410239333425214,观望
一发入魂,2025-07-14 13:00:00,360.0,0.3005466864508451,观望
一发入魂,2025-07-14 20:00:00,351.0,0.3027156644646596,观望
一发入魂,2025-07-14 23:59:00,359.88,0.30936458807469497,观望
一发入魂,2025-07-15 13:00:00,362.0,0.3079194849359511,观望
一发入魂,2025-07-15 20:00:00,361.5,0.3129060348919429,观望
一发入魂,2025-07-15 23:59:00,361.5,0.32032740803907517,观望
一发入魂,2025-07-16 13:00:00,370.0,0.3280416178663202,观望
一发入魂,2025-07-16 20:00:00,363.0,0.33620570353821255,观望
一发入魂,2025-07-16 23:59:00,361.5,0.34031980208602164,观望
一发入魂,2025-07-17 13:00:00,350.5,0.3491197990387198,观望
一发入魂,2025-07-17 20:00:00,335.5,0.3512995170758486,观望
一发入魂,2025-07-17 23:59:00,335.5,0.3521402666063749,观望
一发入魂,2025-07-18 13:00:00,347.0,0.3514859736384076,观望
一发入魂,2025-07-18 20:00:00,347.9,0.34925407810362535,买入
一发入魂,2025-07-18 23:59:00,349.4,0.34895071502842334,观望
一发入魂,2025-07-19 13:00:00,349.5,0.3472313250419806,观望
一发入魂,2025-07-19 20:00:00,340.0,0.3475449903898481,观望
一发入魂,2025-07-19 23:59:00,324.99,0.34064859749529663,观望
一发入魂,2025-07-20 13:00:00,328.9,0.33775262176005694,观望
一发入魂,2025-07-20 20:00:00,322.4,0.32581773493571875,观望
一发入魂,2025-07-20 23:59:00,322.4,0.32196181724845896,观望
一发入魂,2025-07-21 13:00:00,310.0,0.30750403510261054,观望
一发入魂,2025-07-21 20:00:00,300.88,0.30065316470415304,观望
一发入魂,2025-07-21 23:59:00,299.0,0.2825243679092988,观望
一发入魂,2025-07-22 13:00:00,306.9,0.28227612608948277,观望
一发入魂,2025-07-22 20:00:00,317.87,0.28190509506205585,观望
一发入魂,2025-07-22 23:59:00,317.87,0.27503390837244174,观望
一发入魂,2025-07-23 13:00:00,329.29,0.28240347507198904,观望
一发入魂,2025-07-23 20:00:00,322.0,0.27629193138169694,观望
一发入魂,2025-07-23 23:59:00,322.0,0.27500779640391465,观望
一发入魂,2025-07-24 13:00:00,317.5,0.26936942871508546,观望
一发入魂,2025-07-24 20:00:00,316.0,0.27078010337634134,观望
一发入魂,2025-07-24 23:59:00,316.0,0.25926593131730336,观望
一发入魂,2025-07-25 13:00:00,319.5,0.25943683431108067,观望
一发入魂,2025-07-25 20:00:00,318.5,0.2597789006770931,买入
一发入魂,2025-07-25 23:59:00,318.5,0.2617296998268506,观望
一发入魂,2025-07-26 13:00:00,318.0,0.2609052326974319,观望
一发入魂,2025-07-26 20:00:00,343.8,0.28042359327208277,观望
一发入魂,2025-07-26 23:59:00,343.8,0.27964410657726513,观望
一发入魂,2025-07-27 13:00:00,343.7,0.28748802612010976,观望
一发入魂,2025-07-27 20:00:00,339.99,0.2961555904021558,观望
一发入魂,2025-07-27 23:59:00,337.9,0.29610939407157083,观望
一发入魂,2025-07-28 13:00:00,337.99,0.28916204374997956,观望
一发入魂,2025-07-28 20:00:00,333.8,0.29131701209772004,观望
一发入魂,2025-07-28 23:59:00,333.8,0.29694568497224927,观望
一发入魂,2025-07-29 13:00:00,342.99,0.30673329015515055,观望
一发入魂,2025-07-29 20:00:00,359.9,0.32867085304780796,观望
一发入魂,2025-07-29 23:59:00,359.9,0.3496801385902185,观望
一发入魂,2025-07-30 13:00:00,374.0,0.36393738280402776,观望
一发入魂,2025-07-30 20:00:00,369.0,0.37612572347964185,观望
一发入魂,2025-07-30 23:59:00,369.0,0.3845644604656124,观望
一发入魂,2025-07-31 13:00:00,367.0,0.4000055377386357,观望
一发入魂,2025-07-31 20:00:00,358.99,0.4032918944101681,观望
一发入魂,2025-07-31 23:59:00,358.99,0.4054853667299367,观望
一发入魂,2025-08-01 13:00:00,355.0,0.4015339565254823,观望
一发入魂,2025-08-01 20:00:00,354.0,0.39676895761087083,买入
一发入魂,2025-08-01 23:59:00,354.0,0.3967019723535414,观望
一发入魂,2025-08-02 13:00:00,345.0,0.388364240858212,观望
一发入魂,2025-08-02 20:00:00,344.0,0.4004696187976108,观望
一发入魂,2025-08-02 23:59:00,344.0,0.40085746595033644,观望
一发入魂,2025-08-03 13:00:00,344.0,0.4040013616381908,观望
一发入魂,2025-08-03 20:00:00,344.0,0.40222591585574397,观望
一发入魂,2025-08-03 23:59:00,344.0,0.39911151262274747,观望
一发入魂,2025-08-04 13:00:00,344.99,0.3946393774236825,观望
一发入魂,2025-08-04 20:00:00,341.98,0.38964987299359866,观望
一发入魂,2025-08-04 23:59:00,341.98,0.38527054376602965,观望
一发入魂,2025-08-05 13:00:00,338.98,0.38122228972143646,观望
一发入魂,2025-08-05 20:00:00,337.3,0.3649547941736404,观望
一发入魂,2025-08-05 23:59:00,335.28,0.3635052319379365,观望
一发入魂,2025-08-06 13:00:00,334.99,0.3627845297957065,观望
一发入魂,2025-08-06 20:00:00,335.78,0.3648313620359207,观望
一发入魂,2025-08-06 23:59:00,335.78,0.36326711684750845,观望
一发入魂,2025-08-07 13:00:00,349.99,0.36616068914256084,观望
一发入魂,2025-08-07 20:00:00,348.0,0.36011847424983545,观望
一发入魂,2025-08-07 23:59:00,348.0,0.35472090611947704,观望
一发入魂,2025-08-08 13:00:00,348.21,0.3386760494764751,观望
一发入魂,2025-08-08 20:00:00,345.0,0.3107571765458641,买入
一发入魂,2025-08-08 23:59:00,342.0,0.30826771687145454,观望
一发入魂,2025-08-09 13:00:00,335.0,0.29672872743158796,观望
一发入魂,2025-08-09 20:00:00,337.5,0.30345528102007363,观望
一发入魂,2025-08-09 23:59:00,337.5,0.30565477019883913,观望
一发入魂,2025-08-10 13:00:00,336.5,0.30751563510286584,观望
一发入魂,2025-08-10 20:00:00,335.0,0.31182025856694906,观望
一发入魂,2025-08-10 23:59:00,335.0,0.3136557504616181,观望
一发入魂,2025-08-11 13:00:00,334.0,0.3161052886121599,观望
一发入魂,2025-08-11 20:00:00,331.99,0.3170894182404407,观望
一发入魂,2025-08-11 23:59:00,331.99,0.31838931708466695,观望
一发入魂,2025-08-12 13:00:00,329.95,0.32676058251960827,观望
一发入魂,2025-08-12 20:00:00,328.95,0.32732757499502685,观望
一发入魂,2025-08-12 23:59:00,327.45,0.32625051935499005,观望
一发入魂,2025-08-13 13:00:00,328.0,0.32635438093599944,观望
一发入魂,2025-08-13 20:00:00,325.43,0.32438766335441505,观望
一发入魂,2025-08-13 23:59:00,325.43,0.3243389821013672,观望
一发入魂,2025-08-14 13:00:00,324.0,0.3228751208955024,观望
一发入魂,2025-08-14 20:00:00,330.49,0.3293917566240791,观望
一发入魂,2025-08-14 23:59:00,330.49,0.32747164343257085,观望
一发入魂,2025-08-15 13:00:00,343.8,0.33575912585906065,观望
一发入魂,2025-08-15 20:00:00,334.4,0.328898707572131,买入
一发入魂,2025-08-15 23:59:00,334.4,0.3297166363201603,观望
一发入魂,2025-08-16 13:00:00,339.99,0.3297939009810229,观望
一发入魂,2025-08-16 20:00:00,340.99,0.3256812103794757,观望
一发入魂,2025-08-16 23:59:00,340.99,0.32294515211377034,观望
一发入魂,2025-08-17 13:00:00,340.4,0.309696162167649,观望
一发入魂,2025-08-17 20:00:00,338.0,0.31102795157747976,观望
一发入魂,2025-08-17 23:59:00,338.0,0.3132975802806473,观望
一发入魂,2025-08-18 13:00:00,338.61,0.3151147882593185,观望
一发入魂,2025-08-18 20:00:00,339.49,0.3182704320483471,观望
一发入魂,2025-08-18 23:59:00,339.49,0.32292634283215915,观望
一发入魂,2025-08-19 13:00:00,348.5,0.3365293574647735,观望
一发入魂,2025-08-19 20:00:00,354.0,0.3386322528634237,观望
一发入魂,2025-08-19 23:59:00,354.0,0.34068471141532364,观望
一发入魂,2025-08-20 13:00:00,354.5,0.34535875967092966,观望
一发入魂,2025-08-20 20:00:00,369.0,0.35938459634996284,观望
一发入魂,2025-08-20 23:59:00,369.0,0.3590015628969859,观望
一发入魂,2025-08-21 13:00:00,384.0,0.3710338253702341,观望
一发入魂,2025-08-21 20:00:00,382.5,0.3771156712645003,观望
一发入魂,2025-08-21 23:59:00,382.5,0.3828717136791206,观望
一发入魂,2025-08-22 13:00:00,382.0,0.38995148585808714,观望
一发入魂,2025-08-22 20:00:00,399.0,0.40481544491339083,观望
一发入魂,2025-08-22 23:59:00,399.0,0.40856307493144367,观望
一发入魂,2025-08-23 13:00:00,423.5,0.4274530730365301,观望
一发入魂,2025-08-23 20:00:00,404.0,0.4247213892126337,观望
一发入魂,2025-08-23 23:59:00,404.0,0.4324494654322104,观望
一发入魂,2025-08-24 13:00:00,390.0,0.43255872485647284,观望
一发入魂,2025-08-24 20:00:00,387.0,0.435096357866396,观望
一发入魂,2025-08-24 23:59:00,387.0,0.43922605473842896,观望
一发入魂,2025-08-25 13:00:00,385.5,0.4361500836351012,观望
一发入魂,2025-08-25 20:00:00,394.5,0.4512042021265854,观望
一发入魂,2025-08-25 23:59:00,394.5,0.4515981308952602,观望
一发入魂,2025-08-26 13:00:00,414.0,0.4579399392408321,观望
一发入魂,2025-08-26 20:00:00,418.0,0.45664915422933505,观望
一发入魂,2025-08-26 23:59:00,418.0,0.4558287601904665,观望
一发入魂,2025-08-27 13:00:00,414.5,0.45371956043727035,观望
一发入魂,2025-08-27 20:00:00,407.0,0.45014934772233384,观望
一发入魂,2025-08-27 23:59:00,407.0,0.44724500960421054,观望
一发入魂,2025-08-28 13:00:00,410.0,0.44345710588313797,观望
一发入魂,2025-08-28 20:00:00,406.0,0.43524248640425905,观望
一发入魂,2025-08-28 23:59:00,406.0,0.43059919718874085,观望
一发入魂,2025-08-29 13:00:00,409.0,0.423423554749892,观望
一发入魂,2025-08-29 20:00:00,407.5,0.41430701934255093,观望
一发入魂,2025-08-29 23:59:00,407.5,0.40767346679069627,观望
一发入魂,2025-08-30 13:00:00,419.0,0.4071608824301934,观望
一发入魂,2025-08-30 20:00:00,424.38,0.39682616181107094,观望
一发入魂,2025-08-30 23:59:00,424.38,0.3919614772503321,观望
一发入魂,2025-08-31 13:00:00,436.5,0.3891798113020237,观望
一发入魂,2025-08-31 20:00:00,468.0,0.4040364266278055,观望
一发入魂,2025-08-31 23:59:00,468.0,0.4013620727125961,观望
一发入魂,2025-09-01 13:00:00,485.0,0.4123542800080335,观望
一发入魂,2025-09-01 20:00:00,488.5,0.4025832320508357,观望
一发入魂,2025-09-01 23:59:00,488.5,0.4085636670481277,观望
一发入魂,2025-09-02 13:00:00,499.49,0.41438005422294644,观望
一发入魂,2025-09-02 20:00:00,576.66,0.4943272875053989,观望
一发入魂,2025-09-02 23:59:00,576.66,0.508208583408854,观望
一发入魂,2025-09-03 13:00:00,687.5,0.6014697182424746,买入
一发入魂,2025-09-03 20:00:00,659.0,0.6147532125148235,观望
一发入魂,2025-09-03 23:59:00,659.0,0.6458859733647665,观望
一发入魂,2025-09-04 13:00:00,620.0,0.65889614259001,观望
一发入魂,2025-09-04 20:00:00,629.5,0.6853404202093638,观望
一发入魂,2025-09-04 23:59:00,750.0,0.7606219047239114,观望
一发入魂,2025-09-05 13:00:00,719.0,0.7572257054357809,观望
一发入魂,2025-09-05 20:00:00,679.0,0.7707979681324771,观望
一发入魂,2025-09-05 23:59:00,679.0,0.7982833883419694,观望
一发入魂,2025-09-06 13:00:00,660.5,0.8162204076890776,观望
一发入魂,2025-09-06 20:00:00,625.0,0.8266937541807874,观望
一发入魂,2025-09-06 23:59:00,625.0,0.839375697574788,观望
一发入魂,2025-09-07 13:00:00,633.4,0.8474092215434452,观望
一发入魂,2025-09-07 20:00:00,697.99,0.8744447640495052,观望
一发入魂,2025-09-07 23:59:00,697.99,0.8659644039739427,观望
一发入魂,2025-09-08 13:00:00,824.0,0.916389836698616,观望
一发入魂,2025-09-08 20:00:00,960.0,0.9790623848734827,观望
一发入魂,2025-09-08 23:59:00,960.0,0.9906504331037338,观望
一发入魂,2025-09-09 13:00:00,906.0,0.9843405813717909,观望
一发入魂,2025-09-09 20:00:00,904.5,0.994522245459812,观望
一发入魂,2025-09-09 23:59:00,904.5,0.9997426685657601,观望
一发入魂,2025-09-10 13:00:00,905.0,1.0,买入
一发入魂,2025-09-10 20:00:00,840.0,0.9652120270226635,观望
一发入魂,2025-09-10 23:59:00,840.0,0.9648219373287524,观望
一发入魂,2025-09-11 13:00:00,879.0,0.9623095490646096,观望
一发入魂,2025-09-11 20:00:00,848.5,0.9326805942891082,观望
一发入魂,2025-09-11 23:59:00,870.0,0.9230192079652941,观望
一发入魂,2025-09-12 13:00:00,993.0,0.954173801082182,观望
一发入魂,2025-09-12 20:00:00,880.0,0.8704328396876752,观望
一发入魂,2025-09-12 23:59:00,880.0,0.8689614141288483,观望
一发入魂,2025-09-13 13:00:00,770.0,0.7750061663024783,观望
一发入魂,2025-09-13 20:00:00,750.0,0.7999677340059598,观望
一发入魂,2025-09-13 23:59:00,750.0,0.7932601274814208,观望
一发入魂,2025-09-14 13:00:00,761.5,0.8004552787373227,观望
一发入魂,2025-09-14 20:00:00,715.9,0.7524461326572046,观望
一发入魂,2025-09-14 23:59:00,715.9,0.6703729640271462,观望
一发入魂,2025-09-15 13:00:00,659.5,0.6957161143049155,观望
一发入魂,2025-09-15 20:00:00,585.0,0.7054868887326213,观望
一发入魂,2025-09-15 23:59:00,585.0,0.6901841181542795,观望
一发入魂,2025-09-16 13:00:00,570.0,0.669411555837149,观望
一发入魂,2025-09-16 20:00:00,717.99,0.7051422957966367,观望
一发入魂,2025-09-16 23:59:00,717.99,0.6388241018041563,观望
一发入魂,2025-09-17 13:00:00,690.0,0.5669092303318232,观望
一发入魂,2025-09-17 20:00:00,688.0,0.44338412401437166,观望
一发入魂,2025-09-17 23:59:00,688.0,0.38452890727342737,观望
一发入魂,2025-09-18 13:00:00,627.0,0.1323266263670648,观望
一发入魂,2025-09-18 20:00:00,619.5,0.0,观望
一发入魂,2025-09-18 23:59:00,614.95,0.006526616905633387,观望
一发入魂,2025-09-19 13:00:00,613.9,0.07550165533419051,观望
一发入魂,2025-09-19 20:00:00,610.0,0.0769293829145209,观望
一发入魂,2025-09-19 23:59:00,610.0,0.07621155187929735,观望
一发入魂,2025-09-20 13:00:00,608.5,0.08238477826873711,观望
一发入魂,2025-09-20 20:00:00,669.9,0.145654744426979,观望
一发入魂,2025-09-20 23:59:00,669.9,0.1304156018694167,观望
一发入魂,2025-09-21 13:00:00,690.0,0.11447772253036045,观望
一发入魂,2025-09-21 20:00:00,665.0,0.11898036357742081,观望
一发入魂,2025-09-21 23:59:00,665.0,0.10584336416503506,观望
一发入魂,2025-09-22 13:00:00,667.0,0.06865003432204225,观望
一发入魂,2025-09-22 20:00:00,649.5,0.13690624621933173,观望
一发入魂,2025-09-22 23:59:00,649.5,0.1565934617845608,观望
一发入魂,2025-09-23 13:00:00,619.5,0.20629547229071185,观望
幽独,2025-08-23 13:00:00,399.4,0.08907291580884813,观望
幽独,2025-08-23 20:00:00,484.0,1.0,买入
幽独,2025-08-23 23:59:00,474.5,0.5444864300712192,观望
幽独,2025-08-24 13:00:00,469.4,0.364335043299001,观望
幽独,2025-08-24 20:00:00,448.0,0.2719181887754036,观望
幽独,2025-08-24 23:59:00,448.0,0.2214784360569087,观望
幽独,2025-08-25 13:00:00,439.0,0.1882013972606979,观望
幽独,2025-08-25 20:00:00,428.0,0.1657965108719134,观望
幽独,2025-08-25 23:59:00,428.0,0.15133503218900785,观望
幽独,2025-08-26 13:00:00,452.5,0.14360448490767855,观望
幽独,2025-08-26 20:00:00,442.5,0.132939437331958,观望
幽独,2025-08-26 23:59:00,442.5,0.12711810366454515,观望
幽独,2025-08-27 13:00:00,465.0,0.1250535893057905,观望
幽独,2025-08-27 20:00:00,466.0,0.12014317956411538,观望
幽独,2025-08-27 23:59:00,466.0,0.11688435341647838,观望
幽独,2025-08-28 13:00:00,638.88,0.1722697467799744,观望
幽独,2025-08-28 20:00:00,620.0,0.1842589308643981,观望
幽独,2025-08-28 23:59:00,620.0,0.19896559824604207,观望
幽独,2025-08-29 13:00:00,595.0,0.20473112193426526,观望
幽独,2025-08-29 20:00:00,567.5,0.20724811852266187,观望
幽独,2025-08-29 23:59:00,567.5,0.21044012807957668,观望
幽独,2025-08-30 13:00:00,508.0,0.20383651567202823,观望
幽独,2025-08-30 20:00:00,416.0,0.19397693323063853,观望
幽独,2025-08-30 23:59:00,416.0,0.1960699122446301,观望
幽独,2025-08-31 13:00:00,399.0,0.1914909286652108,观望
幽独,2025-08-31 20:00:00,387.99,0.1880151846751242,观望
幽独,2025-08-31 23:59:00,387.99,0.184829611122225,观望
幽独,2025-09-01 13:00:00,394.5,0.18199437807600646,观望
幽独,2025-09-01 20:00:00,409.99,0.18010401136922133,观望
幽独,2025-09-01 23:59:00,409.99,0.1757378219167869,观望
幽独,2025-09-02 13:00:00,403.0,0.17139684682064912,观望
幽独,2025-09-02 20:00:00,393.0,0.14076808555368223,观望
幽独,2025-09-02 23:59:00,393.0,0.14659482802851007,观望
幽独,2025-09-03 13:00:00,396.0,0.14900333179456868,观望
幽独,2025-09-03 20:00:00,387.0,0.15458413579758962,观望
幽独,2025-09-03 23:59:00,387.0,0.15115335177104136,观望
幽独,2025-09-04 13:00:00,386.0,0.14818385838487286,观望
幽独,2025-09-04 20:00:00,372.8,0.1418231133331781,观望
幽独,2025-09-04 23:59:00,369.38,0.13309080307144955,观望
幽独,2025-09-05 13:00:00,355.5,0.1137586737327752,观望
幽独,2025-09-05 20:00:00,342.0,0.10523249142168827,观望
幽独,2025-09-05 23:59:00,342.0,0.09466713125220835,观望
幽独,2025-09-06 13:00:00,360.0,0.07555098504925346,观望
幽独,2025-09-06 20:00:00,358.3,0.06367532206992242,观望
幽独,2025-09-06 23:59:00,358.3,0.05358348031475883,观望
幽独,2025-09-07 13:00:00,387.0,0.0,观望
幽独,2025-09-07 20:00:00,377.5,0.007547321242907398,观望
幽独,2025-09-07 23:59:00,377.5,0.015883980971516026,观望
幽独,2025-09-08 13:00:00,386.0,0.027609635951852216,观望
幽独,2025-09-08 20:00:00,388.5,0.039362021686803306,观望
幽独,2025-09-08 23:59:00,388.5,0.044686844007289755,观望
幽独,2025-09-09 13:00:00,392.5,0.05344514058267628,观望
幽独,2025-09-09 20:00:00,387.5,0.06554763141852833,观望
幽独,2025-09-09 23:59:00,387.5,0.06697316652068958,观望
幽独,2025-09-10 13:00:00,463.0,0.08635949213078437,观望
幽独,2025-09-10 20:00:00,448.99,0.08551129929357798,观望
幽独,2025-09-10 23:59:00,448.99,0.08835407687421488,观望
幽独,2025-09-11 13:00:00,545.5,0.10715786081048526,观望
幽独,2025-09-11 20:00:00,548.5,0.10839608845180092,观望
幽独,2025-09-11 23:59:00,581.0,0.12399558937211683,观望
幽独,2025-09-12 13:00:00,575.0,0.13545656451825663,观望
幽独,2025-09-12 20:00:00,517.38,0.14160569126863604,观望
幽独,2025-09-12 23:59:00,517.38,0.15288046233183245,观望
幽独,2025-09-13 13:00:00,465.0,0.15420405299656806,观望
幽独,2025-09-13 20:00:00,451.98,0.16737841341625853,观望
幽独,2025-09-13 23:59:00,451.98,0.17523281007702518,观望
幽独,2025-09-14 13:00:00,429.5,0.1791224336375709,观望
幽独,2025-09-14 20:00:00,415.0,0.18919942679402904,观望
幽独,2025-09-14 23:59:00,415.0,0.19502579878587264,观望
幽独,2025-09-15 13:00:00,440.0,0.20521535225456522,观望
幽独,2025-09-15 20:00:00,420.5,0.20320501825493362,观望
幽独,2025-09-15 23:59:00,420.5,0.20290407604912822,观望
幽独,2025-09-16 13:00:00,437.5,0.20087518187024123,观望
幽独,2025-09-16 20:00:00,450.0,0.19900311480691724,观望
幽独,2025-09-16 23:59:00,450.0,0.19547399941821955,观望
幽独,2025-09-17 13:00:00,480.0,0.19273307889345817,观望
幽独,2025-09-17 20:00:00,458.0,0.1860390399854294,观望
幽独,2025-09-17 23:59:00,458.0,0.18206545939236812,观望
幽独,2025-09-18 13:00:00,428.0,0.1710558293039917,观望
幽独,2025-09-18 20:00:00,438.0,0.1669449852563514,观望
幽独,2025-09-18 23:59:00,442.4,0.15980608151600034,观望
幽独,2025-09-19 13:00:00,440.5,0.15097932192692873,观望
幽独,2025-09-19 20:00:00,439.99,0.1432435524570327,观望
幽独,2025-09-19 23:59:00,439.99,0.13523025215941203,观望
幽独,2025-09-20 13:00:00,440.0,0.10512317643907709,观望
幽独,2025-09-20 20:00:00,440.0,0.10200057359279113,观望
幽独,2025-09-20 23:59:00,440.0,0.09503384339091256,观望
幽独,2025-09-21 13:00:00,468.7,0.0623954447914225,观望
幽独,2025-09-21 20:00:00,473.0,0.06416340732071596,观望
幽独,2025-09-21 23:59:00,473.0,0.0637808090243705,观望
幽独,2025-09-22 13:00:00,471.0,0.06870346953197412,观望
幽独,2025-09-22 20:00:00,463.9,0.08033617444977181,观望
幽独,2025-09-22 23:59:00,463.9,0.08380488980592901,观望
幽独,2025-09-23 13:00:00,459.0,0.09885140833967977,观望
